G,r,a,h,a,m, ,a,t,t,e,n,d,e,d, ,W,h,e,a,t,o,n, ,C,o,l,l,e,g,e, ,f,r,o,m, ,1,9,3,9, ,t,o, ,1,9,4,3, ,a,n,d, ,g,r,a,d,u,a,t,e,d, ,w,i,t,h, ,a, ,B,A, ,i,n, ,a,n,t,h,r,o,p,o,l,o,g,y,.
B,o,t,h, ,s,m,a,l,l, ,v,a,l,u,e, ,i,n,d,u,c,t,o,r,s, ,a,n,d, ,t,r,a,n,s,i,s,t,o,r,s, ,c,a,n, ,b,e, ,b,u,i,l,t, ,o,n, ,i,n,t,e,g,r,a,t,e,d, ,c,i,r,c,u,i,t,s,.
A,s, ,t,h,e, ,l,a,r,g,e,s,t, ,s,u,b,-,r,e,g,i,o,n, ,i,n, ,M,e,s,o,a,m,e,r,i,c,a, ,i,t, ,i,s, ,a, ,v,a,s,t, ,a,n,d, ,v,a,r,i,e,d, ,l,a,n,d,s,c,a,p,e, ,f,r,o,m, ,t,h,e, ,m,o,u,n,t,a,i,n,o,u,s, ,r,e,g,i,o,n,s, ,o,f, ,t,h,e, ,S,i,e,r,r,a, ,M,a,d,r,e, ,t,o, ,t,h,e, ,p,l,a,i,n,s, ,o,f, ,Y,u,c,a,t,a,n,.
I,n, ,t,h,e, ,y,e,a,r, ,2,0,0,0,",", ,t,h,e, ,p,o,p,u,l,a,t,i,o,n, ,w,a,s, ,8,9,",",1,4,8,.
I,d,e,a,l,l,y,",", ,t,h,e,s,e, ,m,a,k,e, ,a,n, ,e,x,c,e,l,l,e,n,t, ,b,r,e,e,d,i,n,g, ,g,r,o,u,n,d, ,f,o,r, ,c,h,i,n,k,a,r,a,",", ,h,o,g, ,d,e,e,r, ,a,n,d, ,b,l,u,e, ,b,u,l,l,.
O,f,f,e,n,b,a,c,h, ,',S, , ,a, ,g,r,e,a,t, ,n,u,m,b,e,r, ,o,f, ,o,p,e,r,e,t,t,a,s,",", ,s,u,c,h, ,a,s, ,O,r,p,h,e,u,s, ,i,n, ,t,h,e, ,U,n,d,e,r,w,o,r,l,d,",", ,a,n,d, ,L,a, ,b,e,a,u,t,i,f,u,l, ,w,o,m,a,n, ,H,e,l,e,n,e,",", ,w,e,r,e, ,g,r,e,a,t,l,y, ,p,l,e,a,s,i,n,g, ,t,o, ,a,l,l, ,i,n, ,b,o,t,h, ,F,r,a,n,c,e, ,a,n,d, ,t,h,e, ,e,n,g,l,i,s,h,-,t,a,l,k,i,n,g, ,e,a,r,t,h, ,d,u,r,i,n,g, ,t,h,e, ,1,8,5,0,s, ,a,n,d, ,1,8,6,0,s
I,n, ,t,h,e, ,y,e,a,r,s, ,b,e,f,o,r,e, ,h,i,s, ,f,i,n,a,l, ,r,e,l,e,a,s,e, ,i,n, ,1,4,7,4,",", ,w,h,e,n, ,h,e, ,b,e,g,a,n, ,p,r,e,p,a,r,a,t,i,o,n,s, ,f,o,r, ,t,h,e, ,r,e,c,o,n,q,u,e,s,t, ,o,f, ,W,a,l,l,a,c,h,i,a,",", ,V,l,a,d, ,r,e,s,i,d,e,d, ,w,i,t,h, ,h,i,s, ,n,e,w, ,w,i,f,e, ,i,n, ,a, ,h,o,u,s,e, ,i,n, ,t,h,e, ,H,u,n,g,a,r,i,a,n, ,c,a,p,i,t,a,l,.
A,c,a,n,t,h,o,p,h,o,l,i,s,',s, ,a,r,m,o,u,r, ,w,a,s, ,m,a,d,e, ,u,p, ,o,f, ,o,v,a,l, ,p,l,a,t,e,s, ,t,h,a,t, ,w,e,r,e, ,p,u,t, ,i,n,t,o, ,t,h,e, ,s,k,i,n, ,l,e,n,g,t,h,w,i,s,e, ,a,n,d, ,h,a,d, ,s,p,i,k,e,s, ,t,h,a,t, ,j,u,t,t,e,d, ,o,u,t, ,f,r,o,m, ,t,h,e, ,n,e,c,k, ,a,n,d, ,s,h,o,u,l,d,e,r, ,a,r,e,a,",", ,a,c,r,o,s,s, ,t,h,e, ,s,p,i,n,e,.
H,e, ,f,a,v,o,r,s, ,p,r,o,d,u,c,t, ,d,e,v,e,l,o,p,m,e,n,t, ,c,y,c,l,e,s, ,t,h,a,t, ,f,e,a,t,u,r,e,s, ,a,n, ,e,a,s,y, ,t,o, ,u,s,e, ,d,e,s,i,g,n, ,p,r,o,c,e,s,s, ,a,n,d, ,w,o,r,k,s, ,t,o,w,a,r,d,s, ,b,r,i,n,g,i,n,g, ,i,n,t,e,r,a,c,t,i,o,n, ,d,e,s,i,g,n, ,i,n,t,o, ,m,a,i,n,s,t,r,e,a,m, ,p,o,p,u,a,r,i,t,y,.
D,i,s,n,e,y, ,g,o,t, ,a, ,f,u,l,l,-,s,i,z,e, ,O,s,c,a,r, ,s,t,a,t,u,e,t,t,e, ,a,n,d, ,s,e,v,e,n, ,m,i,n,i,a,t,u,r,e, ,o,n,e,s,",", ,g,i,v,e,n, ,t,o, ,h,i,m, ,b,y, ,1,0,-,y,e,a,r,-,o,l,d, ,c,h,i,l,d, ,a,c,t,r,e,s,s, ,S,h,i,r,l,e,y, ,T,e,m,p,l,e,.
a, ,c,o,m,m,u,n,i,t,y, ,d,e,v,e,l,o,p,m,e,n,t, ,b,a,n,k, ,i,n, ,C,h,i,c,a,g,o, ,h,e,l,p,e,d, ,Y,u,n,u,s, ,w,i,t,h, ,t,h,e, ,o,f,f,i,c,i,a,l, ,i,n,c,o,r,p,o,r,a,t,i,o,n, ,f,r,o,m, ,t,h,e, ,F,o,r,d, ,F,o,u,n,d,a,t,i,o,n,.
E,v,e,n, ,s,o,",", ,F,a,r,r,e,n,c, ,w,a,s, ,p,a,i,d, ,l,e,s,s, ,t,h,a,n, ,h,e,r, ,m,a,l,e, ,p,e,e,r,s, ,f,o,r, ,n,e,a,r,l,y, ,1,0, ,y,e,a,r,s,.
I,t, ,h,a,s, ,U,.,S,., ,M,a,r,i,n,e, ,p,i,l,o,t,s,., ,I,n, ,A,u,g,u,s,t, ,2,0,0,3,",", ,t,h,e, ,S,a,n, ,D,i,e,g,o, ,U,n,i,o,n, ,T,r,i,b,u,n,e, ,a,l,l,e,g,e,d, ,t,h,a,t, ,t,h,e,i,r, ,c,o,m,m,a,n,d,e,r,s, ,c,o,n,f,i,r,m,e,d, ,t,h,e, ,u,s,e, ,o,f, ,M,a,r,k, ,7,7, ,f,i,r,e,b,o,m,b,s, ,o,n, ,I,r,a,q,i, ,R,e,p,u,b,l,i,c,a,n, ,G,u,a,r,d,s, ,d,u,r,i,n,g, ,t,h,e, ,i,n,i,t,i,a,l, ,s,t,a,g,e,s, ,o,f, ,c,o,m,b,a,t,.
T,a,k,e, ,t,h,e, ,s,q,u,a,r,e, ,r,o,o,t, ,o,f, ,t,h,e, ,v,a,r,i,a,n,c,e,.
T,h,e, ,s,a,m,e, ,t,e,a,m, ,h,a,d, ,d,e,r,a,i,l,e,d, ,o,n, ,3,0, ,M,a,y, ,2,0,0,6, ,a,t, ,S,t,a,r,r, ,G,a,t,e, ,l,o,o,p, ,d,u,r,i,n,g, ,p,r,e,v,i,o,u,s, ,t,r,i,a,l,s,.
M,a,n,y, ,s,p,e,c,i,e,s, ,h,a,d, ,d,i,s,a,p,p,e,a,r,e,d, ,b,y, ,t,h,e, ,e,n,d, ,o,f, ,t,h,e, ,n,i,n,e,t,e,e,n,t,h, ,c,e,n,t,u,r,y,",", ,w,i,t,h, ,E,u,r,o,p,e,a,n, ,s,e,t,t,l,e,m,e,n,t,.
M,o,s,t, ,I,R,C, ,s,e,r,v,e,r,s, ,o,n,l,y, ,r,e,q,u,i,r,e, ,a, ,u,s,e,r, ,t,o, ,s,e,t, ,a, ,n,i,c,k,n,a,m,e,.
D,e,v,e,l,o,p,m,e,n,t, ,S,t,a,b,l,e, ,r,e,l,e,a,s,e,s, ,a,r,e, ,r,a,r,e,",", ,b,u,t, ,t,h,e,r,e, ,a,r,e, ,o,f,t,e,n, ,S,u,b,v,e,r,s,i,o,n, ,s,n,a,p,s,h,o,t,s, ,(,a,n, ,i,n,f,o,r,m,a,l, ,p,h,o,t,o,g,r,a,p,h, ,t,a,k,e,n, ,q,u,i,c,k,l,y,), ,w,h,i,c,h, ,a,r,e, ,s,t,a,b,l,e, ,e,n,o,u,g,h, ,t,o, ,u,s,e,.
S,e,v,e,n,t,h, ,s,o,n,s, ,h,a,v,e, ,s,t,r,o,n,g, ,"""", ,k,n,a,c,k,s, ,"""", ,(, ,s,p,e,c,i,f,i,c, ,m,a,g,i,c,a,l, ,a,b,i,l,i,t,i,e,s,),",", ,a,n,d, ,h,e, ,i,s, ,e,x,t,r,a,o,r,d,i,n,a,r,i,l,y, ,r,a,r,e, ,a,n,d, ,p,o,w,e,r,f,u,l,.
