A historian has stated that " it was quinine 's efficacy that gave colonists fresh opportunities to swarm into the Gold Coast , Nigeria and other parts of west Africa " .
A historian has stated that "it was quinine's effectiveness that gave colonists fresh opportunities to move somewhere in large numbers into the Gold Coast, Nigeria and other parts of west Africa'.
Naas is a major " Dublin Suburb " town , with many people living in Naas and working in Dublin .
Naas is a great "Dublin Suburb "town, with many people living in Naas and working in Dublin.
The wave traveled across the Atlantic , and organized into a tropical depression off the northern coast of Haiti on September 13 .
The wave traveled across the Atlantic and organized into a tropical depression off the coast of Haiti on September 13.
Use HTML and CSS markup sparingly and only with good reason .
Use HTML and CSS markup sparingly and only with good reason.
The conference papers were published the next year in a bookMicroeconomic Foundations of Employment and Inflation Theory by Phelps et al .
The conference papers were published the next year in a bookMicroeconomic Foundations of Employment and Inflation Theory by Phelps et al.
Jeddah is the principal gateway to Mecca , Islam 's holiest city , which able-bodied Muslims are required to visit at least once in their lifetime .
Jeddah is the main gateway to Mecca, Islam's holiest city, which  able-bodied Muslims are supposed to viisit at least once in their lifetime.
Despina was discovered in late July , 1989 from the images taken by the Voyager 2 probe .
Despina was discovered in late July, 1989 from the images taken by the Voyager 2 probe.
Alessandro ( " Sandro " ) Mazzola ( born 8 November 1942 ) is an Italian former football player .
Alessandro Mazzola is an Italian former football player.
Version 2009.1 provides a USB installer to create a Live USB , where the user 's configuration and personal data can be saved if desired .
Version 2009.1 provides a USB installer to create a Live USB, where the user's arrangements or Design and personal Data can be saved if desired.
The latter provided audiences with the sort of information later provided by intertitles , and can help historians imagine what the film may have been like .
The latter, which  gave audiences the same sort of information later audience members would gett from subtitles, can help historians imagine what the film may have been like.
/usr/local/lib/python3.7/dist-packages/transformers/models/encoder_decoder/modeling_encoder_decoder.py:533: FutureWarning: Version v4.12.0 introduces a better way to train encoder-decoder models by computing the loss inside the encoder-decoder framework rather than in the decoder itself. You may observe training discrepancies if fine-tuning a model trained with versions anterior to 4.12.0. The decoder_input_ids are now created based on the labels, no need to pass them yourself anymore.
  warnings.warn(DEPRECATION_WARNING, FutureWarning)
The upper half also resembles the coat of arms of the former district Oberbarnim .
the former district Oberbarnim, also resembles the upper half of the coat of arms.
A Wikipedia gadget is a JavaScript and / or a CSS snippet that can be enabled simply by checking an option in your Wikipedia preferences .
A Wikipedia gadget is a JavaScript and/or a CSS snippet that can be enabled simply by checking an option in your Wikipedia preferences.
Oregano is an indispensable ingredient in Greek cuisine .
Oregano is a necessary ingredient in Greek cuisine.
The four canonical texts are the Gospel of Matthew , Gospel of Mark , Gospel of Luke and Gospel of John , probably written between AD 65 and 100 ( see also the Gospel according to the Hebrews ) .
Gospels, Matthew, Mark, Luke and John were most likey written after Christ
A matchbook is a small cardboard folder ( matchcover ) enclosing a quantity of matches and having a coarse striking surface on the exterior .
A matchbook is a small cardboard folder (or matchcover) that holds some matches and has a rough area on the outside.
Conversely , bills proposed by the Law Commission , and consolidation bills , start in the House of Lords .
The bills proposed by the Law Commission and consolidation bills start in the House of Lords contrarily.
Both names became defunct in 2007 when they were merged into The National Museum of Scotland .
Both names are no longer used and were combined as the National Musuemof Scotland
Eva Anna Paula Braun , died Eva Anna Paula Hitler ( 6 February 1912 – 30 April 1945 ) was the longtime companion and , for a brief time , wife of Adolf Hitler .
Eva Anna Paula Braun, died Eva Anna Paula Hitler ( 6 February 1912 – 30 April 1945 ) was the longtime companion and, for a brief time, wife of Adolf Hitler.
From the telephone exchange , the Port Jackson District Commandant could communicate with all military installations on the harbour .
By use of the telephone exchange, the Port Jackson District Commandant could talk to all military installations on the harbour.
The lawyer , Brandon ( Waise Lee ) , became his idol , and MK Sun grew up to be a lawyer .
The lawyer Brandon ( Waise Lee ) was his idol as MK Sun grew up to be a lawyer.
Terms such as " undies " for underwear and " movie " for " moving picture " are oft-heard terms in English .
words like  undies, movie,  are oft-heard terms in English.
She remained in the United States until 1927 when she and her husband returned to France .
She stayed in the United States until 1927 then she and her husband went to France.
The PAD called for the resignation of the governments of Thaksin Shinawatra , Samak Sundaravej and Somchai Wongsawat , whom the PAD accused of being proxies for Thaksin .
The Pad called for Thakin Shinaatra, Samak Sundaravej and Somchai to step down as government leaders because the Pad considered them to be used by Thaksin.
Civil unrest in northern Italy spawns the medieval musical form of Geisslerlieder , penitential songs sung by wandering bands of Flagellants .
Civil unrest in northern Italy spawns the medieval musical form of songs sung by wandering bands of Flagellants.
Computer performance is characterized by the amount of useful work accomplished by a computer system compared to the time and resources used .
Computer performance is characterized by the amount of useful work accomplished by a computer system compared to the time and resources used.
Monteux is a commune of the Vaucluse département in southern France , in the area Provence-Alpes-Côte d 'Azur .
Monteux is a commune of the Vaucluse département in southern France, in the area Provence-Alpes-Côte d 'Azur.
After graduation he returned to Yerevan to teach at the local Conservatory and later he was appointed artistic director of the Armenian Philarmonic Orchestra .
fter graduation he came back to Yerevan to teach at the local Conservatory and then he was appointed artistic director of the Armenian Philarmonic Orchestra.
Johan was also the original bassist of the Swedish power metal band HammerFall , but quit before the band ever released a studio album .
Johan was also the original bassist of the Swedish power metal band, Hammerfall, but quit before the band ever released a studio album.
It is located on an old portage trail which led west through the mountains to Unalakleet .
It's near an old portage trail that led west to Unalakleet through the mountains.
Nevertheless , Tagore emulated numerous styles , including craftwork from northern New Ireland , Haida carvings from the west coast of Canada ( British Columbia ) , and woodcuts by Max Pechstein .
tagore emulated various styles including craftwork from northern new  Ireland, carvings from the west coast of canada and woodcuts by max pechstein neverthelessly
The crosier symbolises the monasteries of the region .
The crosier symbolises the monasteries of the region.
A few animals have chromatic response , changing color in changing environments , either seasonally ( ermine , snowshoe hare ) or far more rapidly with chromatophores in their integument ( the cephalopod family ) .
Some animals change color when their environments change, a process called chromatic response, either seasonally, as with ermine and snowshoe hare, or far more rapidly with chromoa tophonres in theri integument (the cephalapod family.)
Fives is a British sport believed to derive from the same origins as many racquet sports .
Fives, a British sport, came from the same games as many racquet sports.
Events Europe July 29 — Battle of Stiklestad ( Norway ) : Olav Haraldsson loses to his pagan vassals and is killed in the battle .
Among events that happened in Europe, on July 29. was the Battle of Stiklesstand in Norway, in which Olav Haraldsson lost his pagan subjects and his life.
A mutant is a type of fictional character that appears in comic books published by marvel comics .
Mutants are fictional characters from the X-Men comic books published by Marvel.
The Great Dark Spot is thought to represent a hole in the methane cloud deck of Neptune .
The Great Dark Spot is thought to represent a hole in the methane cloud deck of Neptune.
He was appointed Companion of Honour ( CH ) in 1988 .
He was appointed Companion of Honour in 1988.
In 2005 , Meissner became the second American woman to land the triple Axel jump in national competition .
In 2005, Meissner became the second American woman to land the triple Axel jump in national competition.
Perry Saturn ( with Terri ) defeated Eddie Guerrero ( with Chyna ) to win the WWF European Championship ( 8:10 ) Saturn pinned Guerrero after a Diving elbow drop .
Perry Saturn and Terri defeated Eddie Guerrero and Chyna to win the WWF European Championship (8:10) Saturn pinned Guerrero after a Diving elbow drop.
Plot Captain Caleb Holt ( Kirk Cameron ) is a firefighter in Albany , Georgia and firmly keeps the cardinal rule of all firemen , " Never leave your partner behind " .
Plot Captain Caleb Holt ( Kirk Cameron ) is a firefighter in Albany, Georgia and trictly keeps the first rule of all firemen, " Never leave your partner behind ".
The SAT Reasoning Test ( formerly Scholastic Aptitude Test and Scholastic Assessment Test ) is a standardized test for college admissions in the United States .
The SAT is a standardized test for college admissions in the United States.
In a short video promoting the charity Equality Now Joss Whedon confirmed that " Fray is not done , Fray is coming back .
In a short video shows the charity Equality Now Joss Whedon confirmed that " Fray is not done, Fray is coming back.
Most of the songs were written by Richard M. Sherman and Robert B. Sherman .
Most of the songs were written by Richard M. and Robert B. Sherman.
Out of 16,421 participants in the national casting , she was chosen among the 15 candidates to appear on the TV show .
Out of 16,421 participants in the national casting, And it was selected the 15 candidates to appear on the TV show.
West Berlin had its own postal administration , separate from West Germany 's , which issued its own postage stamps until 1990 .
West Berlin had its own postal administration, separate from West Germany's, which produced its own postage stamps until 1990.
Because the owner tends to be unaware , these computers are metaphorically compared to zombies .
these computers are metaphorically compared to zombies as the owner was not concious about it
Following the drummers are dancers , who often play the sogo ( a tiny drum that makes almost no sound ) and tend to have more elaborate — even acrobatic — choreography .
The drummers are dancers and often play the sogo which they tend to have arcobatic choreography.
In 1963 an extension was added , curving north from Union station , below University Avenue and Queen 's Park to near Bloor Street , where it turned west to terminate at St. George and Bloor Streets .
An extension was added in 1963 which curved north from Union Station below University Avenue and Queens park, reaching nearly to Bloor Street and ending on the west side at St. George and Bloor Streets.
After the Jerilderie raid , the gang laid low for 16 months evading capture .
After the Jerilderie raid, the gang laid low for 16 months.
She performed for President Reagan in 1988 's Great Performances at the White House series , which aired on the Public Broadcasting Service .
She did a show for President Reagan in 1988's Great Performances at the White House Series, which was shown on television on the Public Broadcasting Service.
Name Arzashkun seems to be the Assyrian form of an Armenian name ending in -ka formed from a proper name Arzash , which recalls the name Arsene , Arsissa , applied by the ancients to part of Lake Van .
Name Arzashkun seems to be the Assyrian form of an Armenian name ending in -ka formed from a proper name Arzash, which recalls the name Arsene, Arsissa, applied by the ancients to part of Lake Van.
In 1990 , she was the only female entertainer allowed to perform in Saudi Arabia .
as a female entertainer she alone was allowed to perform in saudi arabia during 1990
Prior to the arrival of the storm , the National Park Service closed visitor centers and campgrounds along the Outer Banks .
Before the arrival of the storm, the National Park Service closed visitor centers and campgrounds along the Outer Banks.
No skater has yet accomplished a quadruple Axel in competition .
Quadruple Axel at a competition is yet to be fulfilled by any skater
These attacks may have been psychological in origin rather than physical .
These attacks may have been psychological in origin, not  physical.
Eugowra is said to be named after the Indigenous Australian word meaning " The place where the sand washes down the hill " .
Eugowra is said to be named after the Indigenous Australian word meaning " The place where the sand washes down the hill ".
It is described as pointed in the face and about the size of a rabbit .
It is about the size of a rabbit and has a pointed face.
Prospectors from California , Europe and China were also digging along the Peel River and up the mountain slopes .
Prospectors from California, Europe and China were also digging along the Peel River and up the mountain slopes.
Therefore , these PDFs can not be distributed without further manipulation if they contain images .
If any of these PDFs contain pictures, then they require additional processing before they can be issued
During childhood she suffered from collapsed lungs twice , she had pneumonia 4-5 times a year , a ruptured appendix , and had a tonsillar cyst .
For two times she had lung disorder when she was a child. She was also suffered from pneumonia 4 to 5 times a year. She was also affected by appendix disorder and had a tonsillar cyst. All these happened during her childhood period.
Tickets can be retailed for National Rail services , the Docklands Light Railway and on Oyster card .
Tickets can be retailed for National Rail services and the Docklands Light Railway on Oyster card.
Tajikistan , Turkmenistan and Uzbekistan border Afghanistan to the north , Iran to the west , Pakistan to the south and the People 's Republic of China to the east .
Tajikistan, Turkmenistan and Uzbekistan border Afghanistan to the north, Iran to the west, Pakistan to the south and the People's Republic of China to the east.
Addiscombe is a suburb in the London Borough of Croydon , England .
Addiscombe is a suburb in the London Borough of Croydon, England.
The depression moved inland on the 20th as a circulation devoid of convection , and dissipated the next day over Brazil , where it caused heavy rains and flooding .
On 20th depression moved inland as convection less circulation and after weakening over Brazil it caused heavy rains and flooding.
The collapsed dome of the main church has been restored entirely .
The collapsed dome of the main church has been restored entirely.
It is not actually a true louse .
It's not actually a true louse.
Characteristics Radar observations indicate a fairly pure iron-nickel composition .
Radar testing shows composition of mostly iron-nickel.
In the 5th century Slavs started to move into the area .
In the 5th century Slaves started to move in the area.
Others have theorized that Tresca was eliminated by the NKVD as retribution for criticism of the Stalin regime of the Soviet Union .
Others have made theories that Tresca was took away by the NKVD as retribution for views put forward as to errors of the Stalin system of things of the Soviet Union.
Some of the largest reservoirs in the world can be found along the Volga .
Some of the largest lake in the world can be found along the Volga.
Vouvray-sur-Huisne is a commune in the Sarthe department in the region of Pays-de-la-Loire in northwestern France .
Vouvray-sur-Huisne is a community in the Sarthe department in the area of Pays-de-la-Loire in northwestern France.
Today , Landis ' father has become a hearty supporter of his son and regards himself as one of Floyd 's biggest fans .
Landis' father has become a supporter of his son and regards himself as one of Floyd's biggest fans.
This was demonstrated in the Miller-Urey experiment by Stanley L. Miller and Harold C. Urey in 1953 .
This was shown in the Miller-Urey experiment by Stanley L. Miller and Harold C. Urey in 1953.
This quantitative measure indicates how much of a particular drug or other substance ( inhibitor ) is needed to inhibit a given biological process ( or component of a process , i.e. an enzyme , cell , cell receptor or microorganism ) by half .
This quantitative measure indicates how much of a drug or other substance is needed to inhibit a biological process by half.
Seventy-five defencemen are in the Hall of Fame , more than any other current position , while only 35 goaltenders have been inducted .
Out of seventy-five defencemen in the hall of fame, only 35 goaltenders have been inducted.
The British decided to eliminate him and take the land by force .
The British decided to put an end to him and take the land by force.
This resulted in both Montenegro and Serbia becoming independent countries .
This resulted in both Montenegro and Serbia becoming independent countries.
Instead , the crew fashioned a trailer with a cantilevered arm attached to the " hovercraft " and shot the scene while riding up Templin Highway north of Santa Clarita .
Instead, the crew made a trailer with a post attached to the "hovercraft" and filmed the scene while riding up Templin Highway north of Santa Clarita.
In August 2003 , the San Diego Union Tribune alleged that U.S. Marine pilots and their commanders confirmed the use of Mark 77 firebombs on Iraqi Republican Guards during the initial stages of combat .
It has U.S. Marine pilots. In August 2003, the San Diego Union Tribune alleged that their commanders confirmed the use of Mark 77 firebombs on Iraqi Republican Guards during the initial stages of combat.
Convinced that the grounds were haunted , they decided to publish their findings in a book An Adventure ( 1911 ) , under the pseudonyms of Elizabeth Morison and Frances Lamont .
The authors, using pseudonyms Elizabeth Morison and Frances Lamont, published the book An Adventure, in 1911, written about particular hauntings.
Ryan Prosser ( born 10 July , 1988 ) is a professional rugby union player for Bristol Rugby in the Guinness Premiership .
Ryan Prosser who was born on 10 July,1988 is a professional rugby union player,  he has played for Briston Rugby in the Guinness Premiership.
The album , however , was banned from many record stores nationwide .
The album is banned from many record stores nationwide.
Bruises often induce pain but are not normally dangerous .
Bruises often hurt but are not normally dangerous.
Acanthopholis 's armour consisted of oval plates set almost horizontally into the skin , with spikes protruding from the neck and shoulder area , along the spine .
Acanthopholis's armour was made up of oval plates that were put into the skin lengthwise and had spikes that jutted out from the neck and shoulder area, across the spine.
Later , Esperanto speakers began to see the language and the culture that had grown up around it as ends in themselves , even if Esperanto is never adopted by the United Nations or other international organizations .
Later, Esperanto speakers started to see the language and culture that had grown up around it as ends in themselves, though Esperanto is never accepted by the United Nations of other international organizations.
Moderate to severe damage extended up the Atlantic coastline and as far inland as West Virginia .
There was moderate to severe damage all the way up the Atlantic coastline and as far inland as West Virginia.
On June 24 1979 ( the 750th anniversary of the village ) , Glinde received its town charter .
Glinde received her town charter on june 24 1979
Since the end of the 19th century Eschelbronn is well known for its furniture manufacturing industry .
Since the end of the 19th century Eschelbronn is well known for its furniture making business.
Salem is a city in Essex County , Massachusetts , United States .
Salem is a city in Essex County Massachusetts.
Val Venis defeated Rikishi in a Steel cage match to retain the WWF Intercontinental Championship ( 14:10 ) Venis pinned Rikishi after Tazz hit Rikishi with a TV camera .
Val Venis defeated Rikishi in a steel cage match to keep is WWF Intercontinental Championship, Venis pinned Rikishi after Tazz hit Rikishi with a t.v camera.
The area covered by the warning issued on September 22 was extended southwards as Jose intensified , before being canceled soon after landfall on September 23 .
The area covered by the warning issued on September 22 was extended southwards as Jose increased, before being canceled soon after landdfall on September 23.
The equilibrium price for a certain type of labor is the wage .
The balanced price for any kind of labor is called a wage.
Furthermore , research has shown children are less likely to report a crime if it involves someone that he or she knows , trusts , and / or cares about .
Furthermore, research has shown children are less likely to report a crime if it involves someone that he or she knows, trusts, and / or cares about.
The latter device can then be designed and used in less stringent environments .
The device can be designed for use in less exact environments.
This closely resembles the Unix philosophy of having multiple programs each doing one thing well and working together over universal interfaces .
This looks like the Unix idea of having several programs with each doing one thing and working together.
It is derived from Voice of America ( VoA ) Special English .
It comes from Voice of America (VoA) Special English.
Jurisdiction draws its substance from public international law , conflict of laws , constitutional law and the powers of the executive and legislative branches of government to allocate resources to best serve the needs of its native society .
Power moves towards its material from community national boundaries, opposition of laws, organizational law and ability of the administrative and creative offshoots of government to assign support to best serve the needs of its native society.
They are culturally akin to the coastal peoples of Papua New Guinea .
Their culture is similar to the culture of the coastal peoples of Papua New Guinea.
None of the authors , contributors , sponsors , administrators , vandals , or anyone else connected with Wikipedia , in any way whatsoever , can be responsible for your use of the information contained in or linked from these web pages .
None of the authors, contributors, sponsors, administrators, vandals, or anyone else connected with Wikipedia, in any way whatsoever, can be responsible for your use of the information contained in or linked from these web pages.
Roof tiles dating back to the Tang Dynasty with this symbol have been found west of the ancient city of Chang 'an ( modern-day Xian ) .
Roof tiles during Tang Dynasty with this symbol have been found west of the ancient city of Chang 'an or modern-day Xian.
Take the square root of the variance .
Take the square root of the variance.
Working Group I : Assesses scientific aspects of the climate system and climate change .
Working Group I : makes note of climate system and climate change
He also completed two collections of short stories entitled The Ribbajack & Other Curious Yarns and Seven Strange and Ghostly Tales .
He also completed two collections of short storeis. The one title was The Ribbajack & Other Curious Yarns. The other one was titled as Seven Strange and Ghostly Tales.
The spacecraft consists of two main elements : the NASA Cassini orbiter , named after the Italian-French astronomer Giovanni Domenico Cassini , and the ESA Huygens probe , named after the Dutch astronomer , mathematician and physicist Christiaan Huygens .
The spacecraft is having two main parts. One is known as NASA Cassini orbiter. It is named after Giovanni Domenico Cassini, an Italian-French astronomer. The other part is known as ESA Huygens probe. It is named after Christiaan Huygens. He was a Dutch astronomer,mathematician and physicist.
The term " protein " itself was coined by Berzelius , after Mulder observed that all proteins seemed to have the same empirical formula and might be composed of a single type of ( very large ) molecule .
The term "protein" was made by Berzelius, after Mulder
That is because real estate , businesses and other assets in the underground economies of the Third World can not be used as collateral to raise capital to finance industrial and commercial expansion .
That is beacuase real estate, businesses, and other assets in the underground economies of the Third World cannot be used as collateral to raise capital.
Weelkes was later to find himself in trouble with the Chichester Cathedral authorities for his heavy drinking and immoderate behaviour .
Weelkes later found himself in trouble with the Chichester Cathedral authorities for his heavy drinking and immoderate behavior.
Finally in 1482 the Order dispatched him to Florence , the ‘ city of his destiny ’ .
In 1482 the Order dispatched him to Florence.
He was diagnosed with inoperable abdominal cancer in April 1999 .
He was diagnosed with abdominal cancer in April 1999.
Military career Donaldson enlisted in the Australian Army on 18 June 2002 .
Donaldson inlisted in Australia's army on June 18, 2002 to start his military career.
The term gribble was originally assigned to the wood-boring species , especially the first species described from Norway by Rathke in 1799 , Limnoria lignorum .
The term gribble was originally assigned to the wood-boring species, especially the first species described from Norway by Rathke in 1799, Limnoria lignorum.
His next work , Saturday , follows an especially eventful day in the life of a successful neurosurgeon .
His next work at Saturday will be a successful neurosurgeon.
The capital of the state is Aracaju ( pop .
Aracaju is the capital of the state.
They are rivaled as biological materials in toughness only by chitin .
They are rivaled as biological materials in toughness only by chitin.
The other incorporated cities on the Palos Verdes Peninsula include Rancho Palos Verdes , Rolling Hills Estates and Rolling Hills .
Rancho Palos Verdes, Rolling Hills Estates and Rolling Hills are three cities on the Palos Verdes Peninsula.
Shi 'a Muslims consider Karbala to be one of their holiest cities after Mecca , Medina , Jerusalem and Najaf .
Shi'a Muslims consider Karbala to be one of their holiest cities after Mecca, Medina, Jerusalem and Najaf.
Dr. David Lindenmeyer ( Australian National University ) has argued that the need for nest boxes indicates that logging practices are not ecologically sustainable , for conserving hollow-dependent species like Leadbeater 's possum .
Dr. David Lindenmeyer ( Australian National University ) has argued that the need for nest boxes indicates that logging practices are not ecologically sustainable, for conserving hollow-dependent species like Leadbeater's possum.
The singles from the album included " By the Way " , " The Zephyr Song " , " Ca n't Stop " , " Dosed " and " Universally Speaking " .
Some singles from the album are: "By the Way", "The Zephyr Song, "Can't Stop', "Dosed", and "Universally Speaking".
Orton and his wife welcomed Alanna Marie Orton on July 12 , 2008 .
Orton and his wife greeted Alanna Marie Orton on July 12, 2008.
The island chain forms part of the Hebrides , separated from the Scottish mainland and from the Inner Hebrides by the stormy waters of the Minch , the Little Minch and the Sea of the Hebrides .
The island chain forms part of the Hebrides, separated from the Scottish mainland and from the Inner Hebrides by the stormy waters of the Minch, the Little Minch and the Sea of the Hebrides.
Bremer reported plans to put Saddam on trial , but claimed that the details of such a trial had not yet been determined .
Bremer reported plans to put Saddam on trial, but claimed that the details of such a trial had not yet been determined.
Alternative views on the subject have been proposed throughout the centuries ( see below ) , but all were rejected by mainstream Christian bodies .
Different views on the subject have been brought up over the centuries (see below), but all were rejected by mainstream Christian bodies,
This was the area east of the mouth of the Vistula River , later sometimes called " Prussia proper " .
This area, which later was sometimes called "Prussia proper", was east of the place where the Vistula River begins.
For Rowling , this scene is important because it shows Harry 's bravery , and by retrieving Cedric 's corpse , he demonstrates selflessness and compassion .
For Rowling, this incident is important becaus it shows Harry's courage, and by regaining Cedric'd corpse, he establishes no concern for oneself and sympathy.
The Amazon Basin is the part of South America drained by the Amazon River and its tributaries .
The Amazon Basin is the part of South America drained by the Amazon River and those who pay tribute to it.
Many species had vanished by the end of the nineteenth century , with European settlement .
Many species had disappeared by the end of the nineteenth century, with European settlement.
It continues as the Bohemian Switzerland in the Czech Republic .
It is still called as the Bohemian Switzerland in the Czech Republic.
On occasion the male " den master " will also allow a second male into the den ; the reason for this is unclear .
On opportunity the male "den master" will let a second male inside of the den;the basis for this is poorly explained.
Reflection nebulae are usually blue because the scattering is more efficient for blue light than red ( this is the same scattering process that gives us blue skies and red sunsets ) .
Reflection nebulae are commonly blue because the scattering is more powerful for blue light than red (this is the same reason for the sky appears in blue and the sunset in red colors
In architectural decoration Small pieces of colored and iridescent shell have been used to create mosaics and inlays , which have been used to decorate walls , furniture and boxes .
Small pieces of colored and shiny shell has been used to decorate walls, furniture and boxes.
In return , Rollo swore fealty to Charles , converted to Christianity , and undertook to defend the northern region of France against the incursions of other Viking groups .
Rollo swore fealty to Charles, changed to Christianity, and undertook to standby the northern region of France against the incursions of other Viking groups.
It was discovered by Stephen P. Synnott in images from the Voyager 1 space probe taken on March 5 , 1979 while orbiting around Jupiter .
It was found  by Stephen P. Synnott in images from the Voyager 1 space probe taken on March 5, 1979 while orbiting around Jupiter.
Forty-nine species of pipefish and nine species of seahorse have been recorded .
Forty-nine species of pipefish and nine species of seahorse are recorded.
Before the second game got underway , the press agreed that the " midget-in-a-cake " appearance had not been up to Veeck 's usual promotional standard .
Before the second game got underway, the press agreed that the " midget-in-a-cake " appearance was not up to Veeck's usual promotional standard.
Benchmarking conducted by PassMark Software highlights the 2009 version 's 52 second install time , 32 second scan time , and 7 MB memory utilization .
PassMark Software tested standards of 2009 version and the highlights are 52 second install time, 32 second scan time and 7MB memory utilization.
Britpop emerged from the British independent music scene of the early 1990s and was characterised by bands influenced by British guitar pop music of the 1960s and 1970s .
Britpop emerged from the British independent music scene of the early 1990s and was characterised by bands influenced by British guitar pop music of the 1960s and 1970s.
The same tram had derailed on 30 May 2006 at Starr Gate loop during previous trials .
The same team had derailed on 30 May 2006 at Starr Gate loop during previous trials.
It is also a starting point for people wanting to explore Cooktown , Cape York Peninsula , and the Atherton Tableland .
It is a starting point for people wanting to explore Cooktown, Cape York Peninsula and Atherton Tableland.
At four-and-a-half years old he was left to fend for himself on the streets of northern Italy for the next four years , living in various orphanages and roving through towns with groups of other homeless children .
At four-and-a-half years old, he was left to manage for himself on the streets of Northern Italy for the next four years, living in various orphanages and travelling through towns with groups of other homeless children.
Mariel of Redwall is a fantasy novel by Brian Jacques , published in 1991 .
Mariel of Redwall is a fiction novel in the category of fantasy by author Brian Jacques, published in 1991.
He served as the prime minister of Egypt between 1945 and 1946 and again from 1946 and 1948 .
He served as prime minster of Egypt from 1945 and 1946 as well as from 1946 through 1948.
Together they formed New Music Manchester , a group committed to contemporary music .
They formed the New Music Manchester band and sang contemporary
Ohio State 's library system encompasses twenty-one libraries located on its Columbus campus .
Ohio State's library system has twenty-one libraries located on its campus.
After a brief stand-off , the WWF cavalry turned around and attacked Kane and Jericho .
After a brief stand-off, the WWF cavalry turned around and attacked Kane and Jericho.
Each entry has a datum ( a nugget of data ) which is a copy of the datum in some backing store .
Each entry has a datum (a nugget of data) which is a copy of the datum in some backing store.
In the Soviet years , the Bolsheviks demolished two of Rostov 's principal landmarks - St Alexander Nevsky Cathedral ( 1908 ) and St George Cathedral in Nakhichevan ( 1783-1807 ) .
In the Soviet years, the Bolsheviks demolished two of Rostov's principal like St Alexander Nevsky Cathedral ( 1908 ) and St George Cathedral in Nakhichevan ( 1783-1807 ).
Each version of the License is given a distinguishing version number .
Each license is given a number.
Their participation is limited until they reach legal adulthood .
They are not able to participate before they reach adulthood as per the law.
Small value inductors can also be built on integrated circuits using the same processes that are used to make transistors .
Both small value inductors and transistors can be built on integrated circuits.
Cogeneration ( also combined heat and power , CHP ) is the use of a heat engine or a power station to simultaneously generate both electricity and useful heat .
Cogeneration is a combination of heart and power to simultaneously generate both electricity and useful heat.
Her notorious friendship with the Russian mystic Grigori Rasputin was also an important factor in her life .
Her well known relation with the Russian mystic Grigori Rasputin was additionaly an important number in her life.
Google subsequently made the comic available on Google Books and their site and mentioned it on its official blog along with an explanation for the early release .
Google made the comic available on Google Books, mentioned it on their blog explaining the early release.
As a result , although many mosques will not enforce violations , both men and women when attending a mosque must adhere to these guidelines .
Although many mosques will not enforce rules, both men and women when there must follow these rules
Today NRC is organised as an independent , private foundation .
Today NRC is organised as an independent foundation.
In December , 1967 , Ten Boom was honored as one of the Righteous Among the Nations by the State of Israel .
In December, 1967, Ten Boon was honored as part of the Righteous Amoung the Nations by the State of Israel.
Fearing that Drek will destroy the galaxy , Clank asks Ratchet to help him find the famous superhero Captain Qwark , in an effort to stop Drek .
Clank asks Ratchet to help him find the famous superhero Captain Qwark because he is afraid that Drek will try to destroy the galaxy and wants to stop him.
If there are no strong land use controls , buildings are built along a bypass , converting it into an ordinary town road , and the bypass may eventually become as congested as the local streets it was intended to avoid .
If there are no strong land use controls the bypass, as a result,may become congested. This is because buildings are built along a bypass converting it into an ordinary town road. The byepass is intended to avoid such congestion.
Representatives of the Professional Hockey Writers ' Association vote for the All-Star Team at the end of the regular season .
Representatives of the Hockey Writers'Association vote for the All-Star Team at the end of the regular season.
She became the authoritative editor of her husband 's works for Breitkopf und Härtel .
She became the editor of her husband's works for Breitkopf und Hartel.
Waugh writes that Charles had been " in search of love in those days " when he first met Sebastian , finding " that low door in the wall ... which opened on an enclosed and enchanted garden " , a metaphor that informs the work on a number of levels .
Waugh writes that Charles had been " in search of love in those days " when he first met Sebastian, finding " that low door in the wall... which opened on an enclosed and enchanted garden ", a metaphor that informs the work on a number of levels.
Mifepristone is a synthetic steroid compound used as a pharmaceutical .
pharmaceutical has used a Mifepristone is a synthetic steroid
Gomaespuma was a Spanish radio show , hosted by Juan Luis Cano and Guillermo Fesser .
Gomaespuma was a Spanish radio show hosted by Juan Luis Cano and Guillermo Fesser.
Formal minor planet designations are number-name combinations overseen by the Minor Planet Center , a branch of the IAU .
Formal minor planet designations are number-name combinations overseen by the Minor Planet Center.
The Prime Minister stays in office only as long as he or she retains the support of the lower house .
The Prime Minister stays in office only as long as he or she keeps the support of the lower house.
By most accounts , the instrument was nearly impossible to control .
It was nearly impossible to control the instrument, by most accounts.
Iain Grieve ( born 19 February , 1987 in Jwaneng , Botswana ) is a rugby union back-rower for Bristol Rugby in the Guinness Premiership .
Iain Grieve ( born 19 February, 1987 in Jwaneng, Botswana ) is a rugby coming together back-rower for Bristol Rugby in the Guinness Premiership.
By early on September 30 , wind shear began to dramatically increase and a weakening trend began .
By early on September 30, wind shear began to dramatically increase and a weakening trend began.
Before 1980 , a section of the Commonwealth Railways Central Australian line passed along the western side of the Simpson Desert .
Before 1980, a part of the Commonwealth Railways Central Australian line went along the western side of the Simpson Desert.
New South Wales 's largest city and capital is Sydney .
largest city new south wales and its capital is sydney.
The quark model was independently proposed by physicists Murray Gell-Mann and George Zweig in 1964 .
The quark model was independently proposed by physicists Murray Gell-Mann and George Zweig in 1964.
It is theoretically possible that the other editors who may have reported you , and the administrator who blocked you , are part of a conspiracy against someone half a world away they 've never met in person .
It is possible that the other editors who may have reported you is a part of the conspiracy. Similarly the administrator who blocked you may also be a part of the conspiracy. The conspiracy is against someone they have not met in prison.
They are castrated so that the animal may be more docile or may put on weight more quickly .
They are castrated so that the animal is docile or may put on weight quickly.
It was originally thought that the debris thrown up by the collision filled in the smaller craters .
It was thought that the debris thrown up by the collision filled the smaller craters.
The female equivalent is a daughter .
The female equivalent is a daughter.
Gimnasia hired first famed Colombian trainer Francisco Maturana , and then Julio César Falcioni , but both had limited success .
Gimnasia hired Francisco Maturana, a Columbian trainer, and then Julio César Falcioni, but they were not very successful.
It will then dislodge itself and sink back to the river bed in order to digest its food and wait for its next meal .
It will then dislodge itself and sink back to the river bed in order to digest its food and wait for its next meal.
OEL manga series Graystripe 's Trilogy There is a three volume original English-language manga series following Graystripe , between the time that he was taken by Twolegs in Dawn until he returned to ThunderClan in The Sight .
OEL manga occuring in sequence Graystripe's Trilogy.  There's a three quantity volume earliest English-language manga series following Graystripe, linking the time that it was accepted by Twolegs in Dawn up until he came back to ThunderClan in The Sight.
Other nearby settlements include Pont-Bellanger and Beaumesnil .
Other nearby houses colonies include Pont-Bellanger and Beaumesnil.
In approximate relation to the parties ' respective strength in the Federal Assembly , the seats were distributed as follows : Free Democratic Party ( FDP ) : 2 members , Christian Democratic People 's Party ( CVP ) : 2 members , Social Democratic Party ( SP ) : 2 members , and Swiss People 's Party ( SVP ) : 1 member .
In close relation to each of the parties' strength in the Federal Assembly, the seats were given as follows: Free Democratic Party (FDP ), 2 members; Christian Democratic People's Party (CVP), 2 members; Social Democratic Party (SP), 2 members; and Swiss People's Party (SVP), 1 member.
This was substantially complete when Messiaen died , and Yvonne Loriod undertook the final movement 's orchestration with advice from George Benjamin .
This was substantially complete when Messiaen died, and Yvonne Loriod undertook the final movement's of orchestration with advice from George Benjamin.
Its episodes were broadcast on the ABC network from its debut on September 21 , 1993 to March 1 , 2005 .
Its chapters were broadcast on the ABC network from its start on September 21, 1993 to March 1, 2005.
Meteora earned the band multiple awards and honors .
Meteora won many awards and honors for the band.
Although the name suggests that they are located in the Bernese Oberland region of the canton of Bern , portions of the Bernese Alps are in the adjacent cantons of Valais , Lucerne , Obwalden , Fribourg and Vaud .
Eventhough the name evokes that they are placed in the Bernese Oberland area of the district of Bern, parts of the Bernese Alps are in the adjoining parts of the Bernese Alps are lying near the cantons of Valais, Lucerne, Obwalden, Fribourg and Vaud.
The legs are wide at the top , and narrow at the ankle .
The legs are wide at the top, and narrow at the ankle.
The tongue is sticky because of the presence of glycoprotein-rich mucous , which both lubricates movement in and out of the snout and helps to catch ants and termites , which adhere to it .
The tongue is sticky because of the presence of glycoprotein-rich mucous, which both oils movement in and out of the beak and helps to catch ants and termites, which sticks to it.
Frédéric Chopin 's Opus 57 is a berceuse for solo piano .
Frédéric Chopin's Opus 57 is a music for individual piano.
Railway Gazette International is a monthly business journal covering the railway , metro , light rail and tram industries worldwide .
Railway Gazette International is a monthly business journal covering railway, metro, light rail and tram industries.
The Montreal Canadiens  are a professional ice hockey team based in Montreal , Quebec , Canada .
The Montreal Canadiens are a skilled ice hockey team from Montreal, Quebec, Canada.
Human skin hues can range from very dark brown to very pale pink .
The colors of human skin can be very dark brown or very pale pink, or anywhere in between.
However travel through very remote areas , on isolated tracks , requires advance planning and a suitable , reliable vehicle ( usually a four wheel drive ) .
However, travel through very remote areas, on isolated tracks, requires advance planning and a suitable, reliable vehicle (usually a four wheel drive).
Chauvin was embarrassed to receive his award and initially indicated that he may not accept it .
Chauvin was embarrassed to get his award and at first said that he may not accept it.
Barneville-la-Bertran is a commune in the Calvados department in the Basse-Normandie region in northwestern France .
Barneville-la-Bertran is a commune in the Calvados department in the Basse-Normandie region in northwestern France.
Santa Maria Maggiore ( St. Mary the Greater ) , the earliest extant church in Assisi .
Santa Maria Maggiore ( St. Mary the Greater ), the earliest extant church in Assisi.
ISBN 1-876429-14-3 is an historic township located near Cowra in the central west of New South Wales , Australia in Cabonne Shire .
ISBN 1-876429-14-3 is an historic suburb located near Cowra in the central west of New South Wales, Australia in Cabonne Shire.
He left a detachment of 11,000 troops to garrison the newly conquered region .
He left 11,000 troops to garrison the newly conquered region.
Heavy rain fell across portions of Britain on October 5 , causing localized accumulation of flood waters .
Heavy rain fell across Britain on October 5, causing accumulation of flood waters.
On October 14 , 1960 , Presidential candidate John F. Kennedy proposed the concept of what became the Peace Corps on the steps of Michigan Union .
John F. Kennedy, a Presidential candidate, proposed the idea for what became the Peace Corps on the steps of Michigan Union on October 14, 1960.
However , the BZÖ differs a bit in comparison to the Freedom Party , as is in favor of a referendum about the Lisbon Treaty but against an EU-Withdrawal .
However, the BZO is different from a bit in comparison to the Freedom Party, as is in kind act of a referendum about the Lisbon Treaty but against a EU-Withdrawal
Their granddaughter Hélène Langevin-Joliot is a professor of nuclear physics at the University of Paris , and their grandson Pierre Joliot , who was named after Pierre Curie , is a noted biochemist .
Their granddaughter Hélène Langevin-Joliot is a professor of nuclear physics at the University of Paris, and their grandson Pierre Joliot, who was named after Pierre Curie, is a noted biochemist.
The body color varies from medium brown to gold-ish to beige-white ; and occasionally , is marked with dark brown spots , especially on the limbs .
The body color varies from medium brown to goldish to beige-white and sometimes is marked with dark brown spots.
Orchestration Stravinsky first conceived of writing the ballet in 1913 .
Stravinsky first conceived of writing the ballet in 1913.
Aside from this , Cameron has often worked in Christian-themed productions , among them the post-Rapture films Left Behind : The Movie , Left Behind II : Tribulation Force , and Left Behind : World at War , in which he plays Cameron " Buck " Williams .
Aside from this, Cameron usually worked in Christian-themed productions, among them the post-Rapture films Left Behind : The Movie, Left Behind II : Tribulation Force, and Left Behind : World at War, in which he plays Cameron " Buck " Williams.
The polymer is most often epoxy , but other polymers , such as polyester , vinyl ester or nylon , are also sometimes used .
Polymers, such as polyester, vinylester or nylon, are also sometimes used as epoxies.
People with cardiomyopathy are often at risk of arrhythmia or sudden cardiac death or both .
Arrhythmia or heart beat disorder and sudden cardiac arrest are often associated with cardiomyopathy. Cardiomyopathy is deterioration of heart muscle and persons with this disease may subject to arrhythmia or sudden cardiac arrest. Sometimes both may happen at once.
So far the ' celebrity ' episodes have included Vic Reeves , Nancy Sorrell , Gaby Roslin , Scott Mills , Mark Chapman , Simon Gregson , Sue Cleaver , Carol Thatcher , Paul O 'Grady and Lee Ryan .
Until now the'celebrity'chapters have shown Vic Reeves, Nancy Sorrell, Gaby Roslin, Scott Mills, Mark Chapman, Simon Gregson, Sue Cleaver, Carol Thatcher, Paul O 'Grady and Lee Ryan.
Bankers from ShoreBank , a community development bank in Chicago , helped Yunus with the official incorporation of the bank under a grant from the Ford Foundation .
a community development bank in Chicago helped Yunus with the official incorporation from the Ford Foundation.
He is also a member of another Jungiery boyband 183 Club .
He is also a member of 183 Club, which is another Jungiery boyband.
The plant is considered a living fossil .
The plant is considered a living fossil.
In 1987 Wexler was inducted into the Rock and Roll Hall of Fame .
In 1987 Wexler was inducted into the Rock and Roll Hall of Fame.
Usually portrayed as being bald , with long whiskers , he is said to be an incarnation of the Southern Polestar .
Usually portrayed as being bald, with long whiskers, he is said to be an incarnation of the Southern Polestar.
Notable features of the design include key-dependent S-boxes and a highly complex key schedule .
Notable features Of The Design Include S-Boxes Which Is  A Highly Complex key Schedule.
He settled in London , devoting himself chiefly to practical teaching .
He teaches in London.
You may add a passage of up to five words as a Front-Cover Text , and a passage of up to 25 words as a Back-Cover Text , to the end of the list of Cover Texts in the Modified Version .
You may add a passage of up to five words as a Front-Cover Text and a passage of up to 25 words as a Back-Cover Text to the end of the list of Cover Texts.
She was among the first doctors to object to cigarette smoking around children , and drug use in pregnant women .
She was one of the first doctors that said cigarette smoking near children and drug use in pregnant women was not safe.
The vagina is remarkably elastic and stretches to many times its normal diameter during vaginal birth .
The vagina is remarkably elastic and stretches to many times its normal diameter during vaginal birth.
Graham attended Wheaton College from 1939 to 1943 , when he graduated with a BA in anthropology .
Graham attended Wheaton College from 1939 to 1943 and graduated with a BA in anthropology.
That same year he also received a mechanics certificate , becoming the youngest certificated airplane mechanic in New York .
That same year he also got a mechanics certificate, becoming the youngest certificated airplane mechanic in New York.
He advocates applying a user-centered design process in product development cycles and also works towards popularizing interaction design as a mainstream discipline .
He favors product development cycles that features an easy to use design process and works towards bringing interaction design into mainstream popuarity.
A town may be correctly described as a market town or as having market rights even if it no longer holds a market , provided the right to do so still exists .
A town may be correctly identified by a market or as having market rights even if it no longer holds a market, provided the right to do so still exists.
In the years before his final release in 1474 , when he began preparations for the reconquest of Wallachia , Vlad resided with his new wife in a house in the Hungarian capital .
In the years before his final release in 1474, when he began preparations for the reconquest of Wallachia, Vlad resided with his new wife in a house in the Hungarian capital.
Unlike the clouds on Earth , however , which are composed of crystals of ice , Neptune 's cirrus clouds are made up of crystals of frozen methane .
Unlike the clouds on Earth, however, which are composed of crystals of ice, Neptune's cirrus clouds are made up of crystals of frozen methane.
There he had one daughter , later baptized as Mary Ann Fisher Power , to Ann ( e ) Power .
He had one daughter named Mary Ann Fisher Power who was later baptized to Ann (e) Power.
Mercury is similar in appearance to the Moon : it is heavily cratered with regions of smooth plains , has no natural satellites and no substantial atmosphere .
Mercury is similar in appearance to the moon with heavily cratered regions of smooth plains and no natural satellites or substantial atmosphere.
Dry air wrapping around the southern periphery of the cyclone eroded most of the deep convection by early on September 12 .
Early September 12, dry air wrapping around the southern area of the cyclone caused most of the heat to leave.
It was the first asteroid to be discovered by a spacecraft .
It was the first asteroid discovered by a spacecraft.
The tarantula , the trickster character , spun a black cord and , attaching it to the ball , crawled away fast to the east , pulling on the cord with all his strength .
The tarantuala, the trickster, spun a black chord and attached it to the ball, crawling away fast to the east and pulling the chord with all his strength.
In 1438 Trevi passed under the temporal rule of the Church as part of the legation of Perugia , and thenceforth its history merges first with that of the States of the Church , then ( 1860 ) with the united Kingdom of Italy .
In 1438 Trevi passed under the time-limited rule of the Church as part of the place for political statements of Perugia, and thenceforth its history goes into together first with that of the States of the Church, then ( 1860 ) with the United Kingdom of Italy
Gable also earned an Academy Award nomination when he portrayed Fletcher Christian in 1935 's Mutiny on the Bounty .
Gable also earned an Academy Award nomination for his portrayal of Fletcher Christian in the 1935 film Mutiny on the Bounty.
He was also famous for his prints , book covers , posters , and garden metalwork furniture .
he is famous for prints, book covers, posters, and garden metalwork furniture.
The characters are foul-mouthed extensions of their earlier characters Pete and Dud .
The characters speak bad language of their earlier characters pete and dud
He toured with the IPO in the spring of 1990 for their first-ever performance in the Soviet Union , with concerts in Moscow and Leningrad , and toured with the IPO again in 1994 , performing in China and India .
for their first-ever performance in the Soviet Union he toured with the IPO spring from 1990 to 1994 with china and india
Thereafter the county 's administration was conducted at Duns or Lauder until Greenlaw became the county town in 1596 .
After that the county's administration was conducted at Duns or Lauder until Greenlaw became the county town in 1596.
Admission to Tsinghua is extremely competitive .
entrance to Tsinghua is very very difficult.
It has long been the economic centre of northern Nigeria , and a centre for the production and export of groundnuts .
It has long been the economic centre of norther Nigeria along with the center for production and export of groundnuts.
Seventh sons have strong " knacks " ( specific magical abilities ) , and seventh sons of seventh sons are both extraordinarily rare and powerful .
Seventh sons have strong " knacks " ( specific magical abilities ), and he is extraordinarily rare and powerful.
Shade sets the main plot of the novel in motion when he impetuously defies that law , and inadvertently initiates a chain of events that leads to the destruction of his colony 's home , forcing their premature migration , and his separation from them .
The main plot of the novel is when Shade defies the law and sets off a chain of events that lead to the destuction of his colony's home and becoming separated from them.
While at Kahn he was chief architect for the Fisher Building in 1928 .
He was a chief architect fot Fisher Building in 1928 when he was at Kahn
Shortly after attaining Category 4 status , the outer convection of the hurricane became ragged .
Shortly after reaching Category 4 status, the outer convection of the hurricane became worn out
The term dorsal refers to anatomical structures that are either situated toward or grow off that side of an animal .
The word dorsal means any body part that grows off that side of an animal or that grows toward that side of an animal.
About 95 species are currently accepted .
About 95 kinds are being accepted now.
Saint Martin is a tropical island in the northeast Caribbean , approximately 300 km ( 186 miles ) east of Puerto Rico .
Saint Martin is a tropical island in the northeast Caribbean, nearly 300 km ( 186 miles ) east of Puerto Rico.
MacGruber starts asking for simple objects to make something to defuse the bomb , but he is later distracted by something ( usually involving his personal life ) that makes him run out of time .
MacGruber asked for many items to help shut the bomb off but he was distracted and ran out of time.
He excuses himself because he has to leave for rehearsal , and he and Dr. Schön leave .
He excuses himself because he has to leave for rehearsal, Dr.Dr. Schön leave
This leads to consumer confusion when 220 ( 1,048,576 ) bytes is referenced as 1 MB ( megabyte ) instead of 1 MiB .
The consumer gets confused when 220 bytes is called 1 MB, instead of 1MiB.
The incident has been the subject of numerous reports as to ethics in scholarship .
The incident has been the subject of numerous reports regarding scholarship ethics.
It is now the site of Meher Baba 's samadhi ( tomb-shrine ) as well as facilities and accommodations for pilgrims .
It is now the Meher Baba's tomb-shrine and a place for pilgrims.
During an interview , Edward Gorey mentioned that Bawden was one of his favorite artists , lamenting the fact that not many people remembered or knew about this fine artist .
During an interview, Edward Gorey said that Bawden was one of his favorite artists, and is saddened by the fact that not many people remembered or knew about this fine artist.
At the Voyager 2 images Ophelia appears as an elongated object , the major axis pointing towards Uranus .
At the Voyager 2 pictures Ophelia appears as a stretched object. A stretched object was the major axis. It pointing towards Uranus.
In April 1862 , Ben was arrested on the orders of Police Inspector Sir Frederick Pottinger for participating in an armed robbery whilst in the company of Frank Gardiner .
In April 1862, Ben was arrested on the orders of Police Inspector Frederick Pottinger for participating in an armed robbery whilst in the company of Frank Gardiner.
The company opened twice as many Canadian outlets as McDonald 's " Wendy 's confirms Tim Hortons IPO by March " , Ottawa Business Journal , December 1 , 2005 ,  and system-wide sales also surpassed those of McDonald 's Canadian operations as of 2002 .
The company opened two times as many restaurants in Canada as McDonald's " Wendy's confirms Tim Hortons IPO by March ", Ottawa Business Journal, December 1, 2005, and sales throughout the company were also greater than those of McDonald's Canadian business as of 2002.
Most IRC servers do not require users to register an account but a user will have to set a nickname before being connected .
Most IRC servers only require a user to set a nickname.
He won the presidential election held on 2 March 2008 with 71.25 % of the popular vote .
He conquered the presidential poll on 2 March 2008 with 71.25% of the popular vote.
In April 2000 , MINIX became free / open source software under a permissive free software licence , but by this time other operating systems had surpassed its capabilities , and it remained primarily an operating system for students and hobbyists .
In April 2000, MINIX became free or open source  software under a non-restrictive free software licence, but by this time other operating systems had exceeded its capabilities, and it continued to be mainly an operating system for students and hobbyists.
The current lineup of the band comprises Flynn ( vocals , guitar ) , Duce ( bass ) , Phil Demmel ( guitar ) , and Dave McClain ( drums ) .
The current lineup of the band comprises Flynn ( vocals, guitar ), Duce ( bass ), Phil Demmel ( guitar ), and Dave McClain ( drums )
The two former presidents were later separately charged with mutiny and treason for their roles in the 1979 coup and the 1980 Gwangju massacre .
The two former presidents were later charged, each on their own, with mutiny and treason for their roles in the 1979 coup and the 1980 Gwangju  massacre.
Loèche harbours the installations of Onyx , the Swiss interception system for electronic intelligence gathering .
Loèche harbours of Onyx is the Swiss interception system for electronic intelligence gathering.
He died on May 29 , 1518 in Madrid , Spain and was buried in the church of San Benito d 'Alcantara .
He died on May 29, 1518 in Madrid, Spain. It was buried in the church of San Benito d ` Alcantara.
It has a capacity of 98,772 , making it the largest stadium in Europe , and the eleventh largest in the world .
It can seat 98.772, which makes it the largest stadium in Europe, and the eleventh largest in the world.
It is situated at the coast of the Baltic Sea , where it encloses the city of Stralsund .
It is situated at the coast of the Baltic Sea, where it encloses the city of Stralsund.
In 1998 , Culver ran for Iowa Secretary of State and was victorious .
In 1998, Culver successfully ran for Iowa Secretary of State.
The name survives as a brand for a related spin-off digital television channel , digital radio station , and website which have survived the demise of the printed magazine .
The name survives as a brand for related spin-off digital television channel, digital radio station and website which has survived the demise of the printed magazine.
These works he produced and published himself , whilst his much larger woodcuts were mostly commissioned work .
These works he produced and published himself, whilst his much bigger woodcuts were mostly outsourced work.
He came from a musical family ; his mother , LaRue , was an administrative assistant and singer , and his father , Keith Brion , was a band director at Yale .
His was a musical family, as his mother, LaRue, was a secretary and singer, while his father, Keith Brion, was a band director at Yale.
Samovar & Porter ( 1994 ) , p . 84 Syrians did not congregate in urban enclaves ; many of the immigrants who had worked as peddlers were able to interact with Americans on a daily basis .
Samovar & Porter (1994), p. 84 Syrians did not get together in city groups; many of the immigrants who had worked as sellers on the street were able to talk with Americans every day.
However , even to those who enter the prayer hall of a mosque without the intention of praying , there are still rules that apply .
However, even to those who enter the prayer hall of a mosque without the purpose of  praying, there are some rules applicable to them.
This was absorbed into battalions being formed for XI International Brigade .
This was added to battalions being formed for XI International Brigade.
Geography The town lies in the Limmat valley between Baden and Zürich .
Geographically the town lies in the Limmat valley between Baden and Zurich.
Origin Irmo was chartered on Christmas Eve in 1890 in response to the opening of the Columbia , Newberry and Laurens Railroad .
Origin Irmo was rented on Christmas Eve in 1890 in response to the opening of the Columbia, Newberry and Laurens Railway line.
The Britannica was primarily a Scottish enterprise , as symbolised by its thistle logo , the floral emblem of Scotland .
The Britannica was primarily a Scottish enterprise, as symbolised by its thistle logo, the floral emblem of Scotland.
After the Sena dynasty , Dhaka was successively ruled by the Turkish and Afghan governors descending from the Delhi Sultanate before the arrival of the Mughals in 1608 .
Before the Mughals arrived in 1608, after the Sena dynasty, Dhaka was ruled for a long time by Turkish and Afghan governors that descended from the Delhi Sultanate.
One side of the armed conflicts is composed mainly of the Sudanese military and the Janjaweed , a Sudanese militia group recruited mostly from the Afro-Arab Abbala tribes of the northern Rizeigat region in Sudan .
One side of the armed conflicts is made of Sudanese military and the Janjaweed, a Sudanese militia recruited from the Afro-Arab Abbala tribes of the northern Rizeigat region in Sudan.
In late 2004 , Suleman made headlines by cutting Howard Stern 's radio show from four Citadel stations , citing Stern 's frequent discussions regarding his upcoming move to Sirius Satellite Radio .
In late 2004, Suleman made headlines by cutting Howard Stern's radio direct relay from four Citadel stations, citing Stern's frequent discussions regarding his upcoming move to Sirius Satellite Radio.
Pauline returned in the Game Boy remake of Donkey Kong in 1994 , and later Mario vs. Donkey Kong 2 : March of the Minis in 2006 , although the character is now described as " Mario 's friend " .
Pauline turned in the Game Boy remake of Donkey Kong in 1994, and later Mario vs. Donkey Kong 2: March of the Minis in 2006, even though the character is now "Mario's friend".
As the largest sub-region in Mesoamerica , it encompassed a vast and varied landscape , from the mountainous regions of the Sierra Madre to the semi-arid plains of northern Yucatán .
As the largest sub-region in Mesoamerica it is a vast and varied landscape from the mountainous regions of the Sierra Madre to the plains of Yucatan.
Defiantly , she vowed to never renounce the Commune , and dared the judges to sentence her to death .
She refused to give up the Commune and prefered the death sentence
There he died six weeks later , on 13 January 888 .
He died six weeks later on January 13th 888.
Color ranges from orange to pale yellow .
Color choices are from orange to pale yellow.
As of 2000 , the population was 89,148 .
In the year 2000, the population was 89,148.
The International Fight League was an American mixed martial arts ( MMA ) promotion billed as the world 's first MMA league .
The world's first MMA league was the International Fight League, and American mixed martial arts.
He bolted from Sydney Cove several times before being shot dead in 1796 .
He bolted from Sydney Cove many times before being shot dead in 1796.
Prunk is a member of Institute of European History in Mainz , and a senior fellow of the Center for European Integration Studies in Bonn .
Prunk is a member of the Institute of European History in Mainz. He is also a senior fellow of the Centre for European Integration Studies in Bonn.
On June 1 , 1972 , he and fellow RAF members Jan-Carl Raspe and Holger Meins were apprehended after a lengthy shootout in Frankfurt .
He and fellow RAF members Jan-Carl Raspe and Holger Meins were taken hold after a lengthy shootout. It was in Frankfurt on June 1, 1972.
A bastion on the eastern approaches was built later .
Later, a bastion was built on the eastern approaches.
Winchester is a city in Scott County , Illinois , United States .
Winchester is a city located in Scott County, Illinois, United States
Anyone may register a pedigree with the college , where they are carefully internally audited and require official proofs before being altered .
Anyone may register a pedigree with the college, where they are carefully internally examine and require official proofs before being changed.
Some towns on the Eyre Highway in the south-east corner of Western Australia , between the South Australian border almost as far as Caiguna , do not follow official Western Australian time .
There are some towns in western Australia that do not follow official Western Australian Time.
A fee is the price one pays as remuneration for services , especially the honorarium paid to a doctor , lawyer , consultant , or other member of a learned profession .
A fee is the cost one pays as remuneration for services, especially the honorarium paid to a doctor, lawyer, consultant, or other member of a learned profession.
His real date of birth was never recorded , but it is believed to be a date between 1935 and 1939 .
Since his actual date of birth was not recorded, it is believed to be between 1935-1939.
Stands were eventually added behind each set of goals during the 1980s and 1990s as the ground began to be modernised .
During the 1980s and 1990s, the ground got more modern and stands were eventually added behind each set of goals.
The New York City Housing Authority Police Department was a law enforcement agency in New York City that existed from 1952 to 1995 .
The New York City Housing Authority Police Department was a law enforcement agency in New York City from 1952 to 1995.
SummerSlam ( 2009 ) is an upcoming professional wrestling pay-per-view event produced by World Wrestling Entertainment ( WWE ) , which will take place on August 23 , 2009 at Staples Center in Los Angeles , California .
SummerSlam ( 2009 ) is an upcoming professional wrestling pay-per-view event produced by World Wrestling Entertainment ( WWE ), which will take place on August 23, 2009 at Staples Center in Los Angeles, California.
The story of Christmas is based on the biblical accounts given in the Gospel of Matthew , namely - and the Gospel of Luke , specifically - .
The story of Christmas is based on the biblical accounts given in the Gospel of Matthew, namely - and the Gospel of Luke, specifically -.
Despite this , Farrenc was paid less than her male counterparts for nearly a decade .
Even so, Farrenc was paid less than her male peers for nearly 10 years.
From 1900 to 1920 many new facilities were constructed on campus , including facilities for the dental and pharmacy programs , a chemistry building , a building for the natural sciences , Hill Auditorium , large hospital and library complexes , and two residence halls .
From 1900 to 1920, many new facilities like, for dental and pharmacy programs, a chemistry building, a building for the natural sciences, Hill Auditorium, large hospital and library complexes, and two residence halls were constructed in the campus.
Volterra is a town in the Tuscany region of Italy .
Volterra is a town in the Tuscany area of Italy.
Some articles are quite lengthy and rich in content while others are shorter ( possibly stubs ) and of lesser quality .
Some clauses are rather lengthy and rich in content while others are shorter (possibly stubs) and of lesser quality.
Napoleonic Wars : Austrian General Mack surrenders his army to the Grand Army of Napoleon at Ulm , reaping Napoleon over 30,000 prisoners and inflicting 10,000 casualties on the losers .
Austrian General Mack surrenders his army to Grand Army of Napoleon at Ulm.
Historically , the sensations of itch and pain have not been considered to be independent of each other until recently , where it was found that itch has several features in common with pain , but exhibits notable differences .
Historically, the sensations of itch and pain have not been considered to be independent of each other until recently, where it was found that itch has several features in common with pain, but exhibits notable differences.
She was left behind ( explanations for this vary ) when the rest of the Nicoleños were moved to the mainland .
People have different thinking about why she was left behind when the Nicolenos were moved to the main part of the country.
The Primavera is a painting by the Italian Renaissance painter Sandro Botticelli , c . 1482 .
Painted around 1482, The Primavera is a painting by the Italian Renaissance painter, Sandro botticelli.
The first Italian Grand Prix motor racing championship took place on 4 September 1921 at Brescia .
The first Italian Grand Prix motor racing championship took place on 4 September 1921 at Brescia.
On 16 June 2009 , the official release date of The Resistance was announced on the band 's website .
On June 16 2009 the official release date of The Resistance was announced on the band's website.
The largest populations of Mennonites are in Canada , Democratic Republic of Congo and the United States , but Mennonites can also be found in tight-knit communities in at least 51 countries on six continents or scattered amongst the populace of those countries .
The largest populations of Mennonites are in Canada, Democratic Republic of Congo and the United States. Mennonites also live in close communities in at least 51 countries on six continents, or scattered throughout the populations of those countries.
The Sheppard line currently has fewer users than the other two subway lines , and shorter trains are run .
The Sheppard line not only has fewer users than the other two subway lines, it also runs shorter trains.
Offenbach 's numerous operettas , such as Orpheus in the Underworld , and La belle Hélène , were extremely popular in both France and the English-speaking world during the 1850s and 1860s .
Offenbach 'S  a great number of operettas, such as Orpheus in the Underworld, and La beautiful woman Helene, were greatly pleasing to all in both France and the english-talking earth during the 1850s and 1860s
Aliteracy ( sometimes spelled alliteracy ) is the state of being able to read but being uninterested in doing so .
Aliteracy is being able to read but uninterested in read.
He is interred in the Restvale Cemetery in Alsip , Illinois .
He is interred in Restvale Cemetery in Alsip Illinois.
Furthermore , spectroscopic studies have shown evidence of hydrated minerals and silicates , which indicate rather a stony surface composition .
Furthermore, spectroscopic studies have shown proof of hydrated minerals and silicates, which points to rather a stony surface material.
For example , the stylebook of the Associated Press is updated annually .
The stylebook of the Associated Press is updated yearly.
Brighton is a city in Washington County , Iowa , United States .
Brighton is a city in Washington County Iowa.
He followed this with several other pieces about Hiawatha : The Death of Minnehaha , Overture to The Song of Hiawatha and Hiawatha 's Departure .
He followed this with other pieces about Hiawatha: The Death of Minnehaha, Overture to The Song of Hiawatha and Hiawatha's Departure.
James I appointed him a Gentleman of the Chapel Royal , where he served as an organist from at least 1615 until his death .
James I made him a Gentleman of the Chapel Royal, where he served as an organist from at least 1615 until his death.
The string can vibrate in different modes just as a guitar string can produce different notes , and every mode appears as a different particle : electron , photon , gluon , etc .
The string can vibrate in different modes just as a guitar string can produce different notes, and every mode appears as a different particle: electron, photon, gluon, etc.
There are statues of Sir Alf Ramsey and Sir Bobby Robson , both former Ipswich Town and England managers , outside the ground .
There are statues of Sir Alf Ramsey and Sir Bobby Robson, both former Ipswich Town and England managers, outside the ground.
Some reports read that various factors increase the likelihood of both paralysis and hallucinations .
Some reports said that various things make it more possible to have paralysis and hallucinations.
Before the advent of the pocket calculator , it was the most commonly used calculation tool in science and engineering .
Before the invention of the pocket calculator, it was the most commonly used calculation tool in science and engineering.
Development Stable releases are rare , but there are often Subversion snapshots which are stable enough to use .
Development Stable releases are rare, but there are often Subversion snapshots (an informal photograph taken quickly) which are stable enough to use.
Giardia lamblia ( synonymous with Lamblia intestinalis and Giardia duodenalis ) is a flagellated protozoan parasite that colonises and reproduces in the small intestine , causing giardiasis .
Giardia lamblia is a flagellated protozoan parasite that colonises and reproduces in the small intestine, causing giardiasis.
This stamp remained the standard letter stamp for the remainder of Victoria 's reign , and vast quantities were printed .
This stamp stayed the standard letter stamp for the rest of Victoria's reign, and many were printed.
The Apostolic Tradition , attributed to the theologian Hippolytus , attests the singing of Hallel psalms with Alleluia as the refrain in early Christian agape feasts .
The Apostolic Tradition, connected to the scientist Hippolytus who is an expert in theology, starts the singing of Hallel psalms with Alleluia as the repeated line in early Christian lovable and wonderful festivals.
Wario Land The Wario Land series is a platforming series that started with Wario Land : Super Mario Land 3 , a spin-off of the Super Mario Land series .
The platform series Wario Land from the Wario Land series stared with the Super Mario Land series.
His sentence was transportation to Australia for seven years .
His sentence was carried to Australia for seven years.
These ideally provide excellent habitat for chinkara , hog deer and blue bull .
Ideally, these make an excellent breeding ground for chinkara, hog deer and blue bull.
Ned and Dan advanced to the police camp , ordering them to surrender .
Ned and Dan told by the police to surrender.
The form of chess played is speed chess in which each competitor has a total of twelve minutes for the whole game .
The form of chess played is speed chess, in which each player has a total of twelve minutes for the whole game.
Schuschnigg immediately responded publicly that reports of riots were false .
Schuschnigg responded publicly that reports of riots were false.
Advocacy Countries with a minority Muslim population are more likely than Muslim-majority countries of the Greater Middle East to use mosques as a way to promote civic participation .
Assisted Countries with a little Muslim population are more likely than Muslim-majority countries of the Greater Middle East to use mosques as a way to promote public participation.
A majority of South Indians speak one of the five Dravidian languages — Kannada , Malayalam , Tamil , Telugu and Tulu .
Most South Indians speak one of the five Dravidian languages— Kannada, Malayalam, Tamil, Telugu and Tulu.
The fourth ring is decorated with golden garlands and was added in 1938 39 when the column was moved to its present location .
The fourth ring is decorated with golden garlands and was added in 1938-1939 when the column was moved to its current location.
Volunteers provided food , blankets , water , children 's toys , massages , and a live rock band performance for those at the stadium .
Volunteers provided food, blankets, water, children's toys, massages and a live rock band performance for those at the stadium.
Nupedia was founded on March 9 , 2000 , under the ownership of Bomis , Inc , a web portal company .
Bomis Inc, a web portal company founded Nupedia on March 9, 2000.
Since 2000 , the recipient of the Kate Greenaway Medal has also been presented with the Colin Mears Award to the value of £ 5000 .
Since 2000, the recipient of the Kate Greenway Medal has also been presented with the Colin Mears Award to the value of 5000 pounds.
Calvin Baker is an American novelist .
Calvin Baker is an American novelist.
For example , King Bhumibol was born on Monday , so on his birthday throughout Thailand will be decorated with yellow color .
All over Thailand the color yellow will be used to celebrate King Bhumibal
Like previous assessment reports , it consists of four reports , three of them from its working groups .
The assessment report contiains four reports, just like previous reports, and three of them are from working groups.
Gumbasia was created in a style Vorkapich taught called Kinesthetic Film Principles .
Vorkapich taught Gumbasia in a style called Kinesthetic Film Principles.
Stallone also had a cameo appearance in the 2003 French film Taxi 3 as a passenger .
Stallone also had a small character part in the 2003 French film Taxi 3 as a passenger.
In other developments , both Iceland and Greenland accepted the overlordship of Norway , but Scotland was able to repulse a Norse invasion and broker a favorable peace settlement .
Both Iceland and Greenland accepted the ruler of Norway, but Scotland was able to prevent a Norwegian invasion and a negotiate a peace settlement.
Bone marrow is the flexible tissue found in the hollow interior of bones .
Bone marrow is the flexible tissue found in the hollow insides of bones.
The sheer weight of the continental icecap sitting on top of Lake Vostok is believed to contribute to the high oxygen concentration .
The Lake Vostok has a very large weight of the continental icecap on its waters. The high oxygen concentration of the lake water may because of this icecap.
Their eyes are quite small , and their visual acuity is poor .
Their eyes are quite small, and their visual acuity is poor.
Furthermore , she appeared in several music videos , including " It Girl " by John Oates and " Just Lose It " by Eminem .
She also appeared in several music videos including "It Girl" by John Oates and "Just Lose It" by Eminem.
Hinterrhein is an administrative district in the canton of Graubünden , Switzerland .
Hinterrhein is an governmental district in the canton of Graubünden, Switzerland.
In its pure form , dextromethorphan occurs as a white powder .
In its pure form, dextromethorphan lives as a white powder.
Jeanne Marie-Madeleine Demessieux ( February 13 , 1921 November 11 , 1968 ) , was a French organist , pianist , composer , and pedagogue .
Jeanne Marie-Madeleine Demessieux was a French organist, pianist, composer and pedagogue.
George Frideric Handel also served as Kapellmeister for George , Elector of Hanover ( who eventually became George I of Great Britain ) .
George Frideric Handel also served as choirmaster for George, the Elector of Hanover,  who eventually became George I of Great Britain.
Protests across the nation were suppressed .
Protests across the nation were stopped.
Disney received a full-size Oscar statuette and seven miniature ones , presented to him by 10-year-old child actress Shirley Temple .
Disney got a full-size Oscar statuette and seven miniature ones, given to him by 10-year-old child actress Shirley Temple.
Depending on the context , another closely-related meaning of constituent is that of a citizen residing in the area governed , represented , or otherwise served by a politician ; sometimes this is restricted to citizens who elected the politician .
Based on the given situation, one more nearest meaning of constituent would be " a citizen residing in the area governed, represented, or otherwise served by a politician ;" at times, this is limited to the citizens who elected the politician.
In 1990 , Mark Messier took the Hart over Ray Bourque by a margin of two votes , the difference being a single first-place vote .
In 1990 Mark Messier took Hart over Ray Bourque by two votes, the difference being a first-place vote.
Yoghurt or yogurt is a dairy product produced by bacterial fermentation of milk .
Yoghurt or yogurt is a milk-based food made by bacterial fermentation of milk.
Below are some useful links to facilitate your involvement .
Below are some useful links to help your involvement.
The Kindle 2 features 16-level grayscale display , improved battery life , 20 percent faster page-refreshing , a text-to-speech option to read the text aloud , and overall thickness reduced from 0.8 to 0.36 inches ( 9.1 millimeters ) .
The Kindle 2 features grayscale display, improved battery life, and overall thickness reduced.
The compact and intense hurricane caused extreme damage in the upper Florida Keys , as a storm surge of approximately 18 to 20 feet affected the region .
Small, but intense, the hurricane caused a lot of damage in the upper Florida keys when a surge of nearly 18 to 20 feet hit the area.
The book , Political Economy , was published in 1985 , but had limited classroom adoption .
The book, Political Economy, was published in 1985, but was not used in many classrooms.
He was also named 1982 " Sportsman of the Year " by Sports Illustrated .
Sports Illustrated named him "Sportsman of the Year" in 1982.
The historical method comprises the techniques and guidelines by which historians use primary sources and other evidence to research and then to write history .
In writing history, there is a method called the historical method which uses primary sources and other evidence to research the historical events.
The wounds inflicted by a club are generally known as bludgeoning or blunt-force trauma injuries .
The wounds inflicted by a club are generally known as bludgeoning or blunt-force trauma injuries.
Brunstad has several fast food restaurants , a cafeteria-style restaurant , coffee bar , and its own grocery store .
Brunstad has many fast food restaurants, a cafeteria-style restaurant, coffee bar, and its own grocery shop.